{
  "_comment": "Per-cab BS.1770-4 loudness makeup (pink-noise reference). Key = IR folder name = clone_slug. Baked into the engine IR gain by routes.py _cab_loudness_makeup. Regenerate with tools/measure_cab_loudness.py.",
  "sr": 48000,
  "ref_seconds": 4.0,
  "target_lufs_rel": 13.283,
  "clamp_db": [
    -9.0,
    9.0
  ],
  "makeup": {
    "Audiophile_Hi-Fi": 2.81838,
    "Bender_Bass_2x15": 1.13225,
    "Bender_Hot_Rod_1x12": 1.37763,
    "Bender_Rumble_4x10": 0.94913,
    "Bender_Supernova_1x12": 1.69508,
    "Boom_Box": 2.81838,
    "Box_1x12_Alnico": 1.67726,
    "Box_4x10": 1.00892,
    "Box_AC30_2x12": 1.50626,
    "Box_BC112_1x12": 1.48375,
    "Citrus_1x15": 1.54126,
    "Citrus_Jimmy_Bean_4x12": 1.14198,
    "Citrus_OBC115": 0.96789,
    "Citrus_OBC810": 0.48973,
    "Citrus_PPC112": 1.57697,
    "Citrus_PPC212_Open-Back": 1.56706,
    "Citrus_PPC412": 1.14198,
    "Console_Radio": 1.64587,
    "Edena_D115XLT": 0.9728,
    "Edena_D212XLT": 1.09642,
    "Edena_D410XST": 0.99824,
    "Edena_D610XST": 0.88173,
    "Engel_Fireball_4x12": 1.14198,
    "Freddy_1x15": 0.97913,
    "Freddy_2x12": 1.09642,
    "Freddy_4x10": 1.35376,
    "Gramophone": 1.12222,
    "Jukebox": 1.92978,
    "Lovolt_4x12": 1.19938,
    "Lovolt_Bass_4x15": 0.7479,
    "Marsten_1936_2x12": 1.21915,
    "Marsten_1960AX_4x12": 1.12874,
    "Marsten_1960A_4x12": 1.00828,
    "Marsten_1960TV_4x12": 1.12837,
    "Marsten_1x12_Combo": 1.41407,
    "Marsten_1x12_Vintage": 1.18447,
    "Mr_Y_Maz_4x12": 1.14483,
    "PA-999C": 2.81838,
    "PS-1152C_PA": 2.81838,
    "PS-600_PA": 2.81838,
    "PeeBee_2120": 1.31269,
    "PeeBee_2x12": 1.31269,
    "PeeBee_2x15": 1.31178,
    "Raney_AOR_4x12": 1.08968,
    "Ronald_JC-120_2x12": 1.40436,
    "SBR_2x10": 1.16917,
    "SBR_4x10": 0.99824,
    "Sampleg_1x15": 0.96861,
    "Sampleg_SVT_8x10": 0.48973,
    "Seismik_3x10": 1.06794,
    "Sharke_HyDrive_HD112": 2.48992,
    "Sharke_HyDrive_HD410": 1.55106,
    "Sharke_HyDrive_HL115": 2.23075,
    "Silla_PowerHouse_1x15": 1.97884,
    "Silla_Recto_1x12": 1.54346,
    "Silla_Recto_Standard_OS_4x12": 1.07075,
    "Silla_Subway_2x15": 1.81314,
    "Vintage_Hi-Fi": 2.79079
  }
}
