{
  "_comment": "Per-cab BS.1770-4 loudness makeup (pink-noise reference). Key = IR folder name = clone_slug. Baked into the engine IR gain by routes.py _cab_loudness_makeup. Regenerate with tools/measure_cab_loudness.py.",
  "sr": 48000,
  "ref_seconds": 4.0,
  "target_lufs_rel": 13.706,
  "clamp_db": [
    -9.0,
    9.0
  ],
  "makeup": {
    "Audiophile_Hi-Fi": 2.81838,
    "Bender_Bass_2x15": 0.921,
    "Bender_Bassman_4x10": 0.79804,
    "Bender_Deluxe_1x12": 1.59055,
    "Bender_Supernova_1x12": 1.71754,
    "Boom_Box": 2.81838,
    "Box_1x12": 1.58305,
    "Box_1x12_Alnico": 1.58305,
    "Box_4x10": 0.79804,
    "Box_AC30_2x12": 1.35815,
    "Citrus_1x15": 1.37609,
    "Citrus_Jimmy_Bean_4x12": 0.94888,
    "Citrus_OBC115": 0.90349,
    "Citrus_OBC810": 0.44265,
    "Citrus_PPC112": 1.4268,
    "Citrus_PPC212_Open-Back": 1.41602,
    "Citrus_PPC412": 0.94888,
    "Console_Radio": 1.94032,
    "Edena_D115XLT": 0.91232,
    "Edena_D212XLT": 0.98018,
    "Edena_D410XST": 0.83416,
    "Edena_D610XST": 0.72539,
    "Engel_Fireball_4x12": 0.94888,
    "Freddy_1x15": 0.91908,
    "Freddy_2x12": 0.98018,
    "Freddy_4x10": 0.53171,
    "Gramophone": 1.21873,
    "Jukebox": 2.46451,
    "Lovolt_4x12": 0.94288,
    "Lovolt_Bass_4x15": 0.60125,
    "Marsten_1936_2x12": 1.11235,
    "Marsten_1960AX_4x12": 1.0,
    "Marsten_1960A_4x12": 0.88295,
    "Marsten_1960TV_4x12": 1.0,
    "Marsten_1x12_Combo": 1.71754,
    "Marsten_1x12_Vintage": 1.51151,
    "Mr_Y_Maz_4x12": 0.94288,
    "PA-999C": 2.81838,
    "PS-1152C_PA": 2.81838,
    "PS-600_PA": 2.81838,
    "PeeBee_2120": 1.11235,
    "PeeBee_2x12": 1.11235,
    "PeeBee_2x15": 1.11091,
    "Raney_AOR_4x12": 0.88295,
    "Ronald_JC-120_2x12": 1.18237,
    "SBR_2x10": 1.01229,
    "SBR_3x10": 0.90433,
    "SBR_4x10": 0.83416,
    "Sampleg_1x15": 0.90782,
    "Sampleg_SVT_8x10": 0.44265,
    "Seismik_3x10": 0.90433,
    "Sharke_1x12": 1.177,
    "Sharke_1x15": 0.91908,
    "Sharke_4x10": 0.53171,
    "Silla_1x12": 1.54735,
    "Silla_2x15": 0.87755,
    "Silla_Bass_1x15": 1.16011,
    "Silla_Dual_Recto_4x12": 0.94888,
    "Vintage_Hi-Fi": 2.81838
  }
}
