{
  "_comment": "Per-cab BS.1770-4 loudness makeup (pink-noise reference). Key = IR folder name = clone_slug. Baked into the engine IR gain by routes.py _cab_loudness_makeup. Regenerate with tools/measure_cab_loudness.py.",
  "sr": 48000,
  "ref_seconds": 4.0,
  "target_lufs_rel": 13.283,
  "clamp_db": [
    -9.0,
    9.0
  ],
  "makeup": {
    "Audiophile_Hi-Fi": 2.81838,
    "Bender_Bass_2x15": 0.91965,
    "Bender_Bassman_4x10": 0.80864,
    "Bender_Deluxe_1x12": 1.58537,
    "Bender_Supernova_1x12": 1.68745,
    "Boom_Box": 2.81838,
    "Box_1x12": 1.55558,
    "Box_1x12_Alnico": 1.55558,
    "Box_4x10": 0.80864,
    "Box_AC30_2x12": 1.34537,
    "Citrus_1x15": 1.37475,
    "Citrus_Jimmy_Bean_4x12": 0.95721,
    "Citrus_OBC115": 0.87454,
    "Citrus_OBC810": 0.42353,
    "Citrus_PPC112": 1.41438,
    "Citrus_PPC212_Open-Back": 1.40425,
    "Citrus_PPC412": 0.95721,
    "Console_Radio": 1.84828,
    "Edena_D115XLT": 0.88477,
    "Edena_D212XLT": 0.96311,
    "Edena_D410XST": 0.82764,
    "Edena_D610XST": 0.7198,
    "Engel_Fireball_4x12": 0.95721,
    "Freddy_1x15": 0.89137,
    "Freddy_2x12": 0.96311,
    "Freddy_4x10": 0.5105,
    "Gramophone": 1.16091,
    "Jukebox": 2.34761,
    "Lovolt_4x12": 0.95068,
    "Lovolt_Bass_4x15": 0.58271,
    "Marsten_1936_2x12": 1.11337,
    "Marsten_1960AX_4x12": 1.01002,
    "Marsten_1960A_4x12": 0.89196,
    "Marsten_1960TV_4x12": 1.01002,
    "Marsten_1x12_Combo": 1.68745,
    "Marsten_1x12_Vintage": 1.49844,
    "Mr_Y_Maz_4x12": 0.95068,
    "PA-999C": 2.81838,
    "PS-1152C_PA": 2.81838,
    "PS-600_PA": 2.81838,
    "PeeBee_2120": 1.11337,
    "PeeBee_2x12": 1.11337,
    "PeeBee_2x15": 1.11907,
    "Raney_AOR_4x12": 0.89196,
    "Ronald_JC-120_2x12": 1.19298,
    "SBR_2x10": 1.0,
    "SBR_3x10": 0.86143,
    "SBR_4x10": 0.82764,
    "Sampleg_1x15": 0.88038,
    "Sampleg_SVT_8x10": 0.42353,
    "Seismik_3x10": 0.89569,
    "Sharke_1x12": 1.14779,
    "Sharke_1x15": 0.89137,
    "Sharke_4x10": 0.5105,
    "Silla_1x12": 1.53001,
    "Silla_2x15": 0.88075,
    "Silla_Bass_1x15": 1.15368,
    "Silla_Dual_Recto_4x12": 0.95721,
    "Vintage_Hi-Fi": 2.81838
  }
}
