{
  "_comment": "Per-cab BS.1770-4 loudness makeup (pink-noise reference). Key = IR folder name = clone_slug. Baked into the engine IR gain by routes.py _cab_loudness_makeup. Regenerate with tools/measure_cab_loudness.py.",
  "sr": 48000,
  "ref_seconds": 4.0,
  "target_lufs_rel": 13.283,
  "clamp_db": [
    -9.0,
    9.0
  ],
  "makeup": {
    "Audiophile_Hi-Fi": 2.81838,
    "Bender_Bass_2x15": 1.14975,
    "Bender_Hot_Rod_1x12": 1.44003,
    "Bender_Rumble_4x10": 1.01531,
    "Bender_Supernova_1x12": 1.70954,
    "Boom_Box": 2.81838,
    "Box_1x12_Alnico": 1.69141,
    "Box_4x10": 1.02009,
    "Box_AC30_2x12": 1.54472,
    "Box_BC112_1x12": 1.51516,
    "Citrus_1x15": 1.55414,
    "Citrus_Jimmy_Bean_4x12": 1.15208,
    "Citrus_OBC115": 1.0097,
    "Citrus_OBC810": 0.52787,
    "Citrus_PPC112": 1.59014,
    "Citrus_PPC212_Open-Back": 1.58337,
    "Citrus_PPC412": 1.15208,
    "Console_Radio": 1.66951,
    "Edena_D115XLT": 1.8554,
    "Edena_D212XLT": 1.74374,
    "Edena_D410XST": 1.41996,
    "Edena_D610XST": 1.29424,
    "Engel_Fireball_4x12": 1.16113,
    "Freddy_1x15": 1.93541,
    "Freddy_2x12": 1.73426,
    "Freddy_4x10": 1.26712,
    "Gramophone": 1.12204,
    "Jukebox": 1.92594,
    "Lovolt_4x12": 1.25357,
    "Lovolt_Bass_4x15": 0.76807,
    "Marsten_1936_2x12": 1.3008,
    "Marsten_1960AX_4x12": 1.23851,
    "Marsten_1960A_4x12": 1.09008,
    "Marsten_1960TV_4x12": 1.23993,
    "Marsten_1x12_Combo": 1.48022,
    "Marsten_1x12_Vintage": 1.21288,
    "Mr_Y_Maz_4x12": 1.14643,
    "PA-999C": 2.81838,
    "PS-1152C_PA": 2.81838,
    "PS-600_PA": 2.81838,
    "PeeBee_2120": 1.30297,
    "PeeBee_2x12": 1.30297,
    "PeeBee_2x15": 1.11403,
    "Raney_AOR_4x12": 1.10418,
    "Ronald_JC-120_2x12": 1.39106,
    "SBR_2x10": 1.66733,
    "SBR_4x10": 1.48118,
    "Sampleg_1x15": 0.96529,
    "Sampleg_SVT_8x10": 0.4525,
    "Seismik_3x10": 1.45629,
    "Sharke_HyDrive_HD112": 2.37885,
    "Sharke_HyDrive_HD410": 1.49351,
    "Sharke_HyDrive_HL115": 2.08924,
    "Silla_PowerHouse_1x15": 1.95613,
    "Silla_Recto_1x12": 1.61611,
    "Silla_Recto_Standard_OS_4x12": 1.15721,
    "Silla_Subway_2x15": 1.80082,
    "Vintage_Hi-Fi": 2.75834
  }
}
